haftom-moharam,zahed mirdamad,masjed-seyed zahed,tayeb mirdamad,tayeb mirdamad,haftom-moharam,zahed mirdamad
haftom-moharam,masjed-seyed tayeb,masjed-seyed zahir,,,,
tayeb mirdamad,zahed mirdamad,zahir mirdamad,masjed-seyed zahed,masjed-seyed zahed,haftom-moharam,masjed-seyed zahed
masjed-seyed tayeb,masjed-seyed zahir,zahed mirdamad,,,,
masjed-seyed zahir,,,,,,
haftom-moharam,,,,,,
tayeb mirdamad,tayeb mirdamad,masjed-seyed zahir,masjed-seyed tayeb,masjed-seyed tayeb,zahed mirdamad,
masjed-seyed tayeb,masjed-seyed zahir,,,,,
masjed-seyed zahed,masjed-seyed zahed,zahir mirdamad,masjed-seyed zahir,masjed-seyed tayeb,masjed-seyed tayeb,haftom-moharam
masjed-seyed zahir,,,,,,
tayeb mirdamad,masjed-seyed tayeb,zahir mirdamad,zahed mirdamad,tayeb mirdamad,zahir mirdamad,tayeb mirdamad
masjed-seyed zahed,zahed mirdamad,zahed mirdamad,zahed mirdamad,masjed-seyed tayeb,haftom-moharam,
masjed-seyed tayeb,masjed-seyed zahed,tayeb mirdamad,masjed-seyed tayeb,tayeb mirdamad,masjed-seyed zahir,tayeb mirdamad
masjed-seyed zahed,masjed-seyed zahed,tayeb mirdamad,,,,
masjed-seyed tayeb,,,,,,
masjed-seyed tayeb,zahir mirdamad,,,,,
tayeb mirdamad,haftom-moharam,,,,,
zahed mirdamad,,,,,,
zahed mirdamad,masjed-seyed zahir,,,,,
haftom-moharam,,,,,,
haftom-moharam,zahed mirdamad,zahed mirdamad,zahed mirdamad,,,
tayeb mirdamad,tayeb mirdamad,zahed mirdamad,zahir mirdamad,haftom-moharam,zahed mirdamad,
tayeb mirdamad,zahir mirdamad,masjed-seyed tayeb,zahir mirdamad,,,
masjed-seyed zahed,masjed-seyed zahir,masjed-seyed zahed,tayeb mirdamad,masjed-seyed zahir,tayeb mirdamad,
zahir mirdamad,zahed mirdamad,masjed-seyed zahir,,,,
masjed-seyed tayeb,,,,,,
zahed mirdamad,tayeb mirdamad,masjed-seyed tayeb,masjed-seyed tayeb,,,
masjed-seyed zahed,masjed-seyed zahir,masjed-seyed zahed,zahir mirdamad,tayeb mirdamad,zahir mirdamad,
zahed mirdamad,masjed-seyed tayeb,,,,,
tayeb mirdamad,zahir mirdamad,tayeb mirdamad,zahir mirdamad,haftom-moharam,,
masjed-seyed zahir,masjed-seyed zahed,tayeb mirdamad,zahir mirdamad,,,
zahed mirdamad,,,,,,
masjed-seyed tayeb,zahed mirdamad,zahir mirdamad,zahir mirdamad,,,
zahir mirdamad,,,,,,
zahir mirdamad,masjed-seyed zahir,masjed-seyed zahed,masjed-seyed zahir,masjed-seyed zahed,masjed-seyed zahed,
tayeb mirdamad,zahed mirdamad,masjed-seyed zahed,masjed-seyed zahir,tayeb mirdamad,zahed mirdamad,
haftom-moharam,zahir mirdamad,masjed-seyed zahir,,,,
tayeb mirdamad,zahir mirdamad,,,,,
zahed mirdamad,masjed-seyed tayeb,masjed-seyed zahed,zahed mirdamad,haftom-moharam,zahed mirdamad,
masjed-seyed tayeb,masjed-seyed tayeb,masjed-seyed tayeb,haftom-moharam,,,
tayeb mirdamad,masjed-seyed zahed,masjed-seyed zahed,zahir mirdamad,tayeb mirdamad,,
masjed-seyed zahir,zahir mirdamad,tayeb mirdamad,masjed-seyed zahir,,,
tayeb mirdamad,zahed mirdamad,,,,,
masjed-seyed zahir,masjed-seyed zahed,zahir mirdamad,,,,
masjed-seyed zahir,haftom-moharam,masjed-seyed tayeb,haftom-moharam,masjed-seyed zahir,masjed-seyed zahed,zahed mirdamad
zahir mirdamad,haftom-moharam,,,,,
tayeb mirdamad,,,,,,
masjed-seyed tayeb,masjed-seyed zahed,,,,,
masjed-seyed tayeb,tayeb mirdamad,,,,,
zahed mirdamad,zahed mirdamad,tayeb mirdamad,tayeb mirdamad,masjed-seyed zahir,masjed-seyed tayeb,
masjed-seyed zahir,tayeb mirdamad,tayeb mirdamad,tayeb mirdamad,masjed-seyed tayeb,zahir mirdamad,
tayeb mirdamad,zahed mirdamad,,,,,
masjed-seyed tayeb,tayeb mirdamad,masjed-seyed zahir,,,,
masjed-seyed zahed,zahir mirdamad,zahir mirdamad,zahed mirdamad,haftom-moharam,masjed-seyed tayeb,
masjed-seyed zahed,haftom-moharam,zahed mirdamad,tayeb mirdamad,masjed-seyed zahed,,
haftom-moharam,,,,,,
masjed-seyed zahir,haftom-moharam,masjed-seyed zahir,haftom-moharam,masjed-seyed zahir,,
zahed mirdamad,masjed-seyed zahed,haftom-moharam,masjed-seyed tayeb,tayeb mirdamad,zahed mirdamad,zahir mirdamad
masjed-seyed tayeb,,,,,,
masjed-seyed zahed,zahed mirdamad,masjed-seyed tayeb,masjed-seyed zahed,,,
tayeb mirdamad,zahed mirdamad,masjed-seyed zahir,zahir mirdamad,masjed-seyed zahed,haftom-moharam,haftom-moharam
masjed-seyed tayeb,masjed-seyed zahed,tayeb mirdamad,,,,
masjed-seyed zahir,masjed-seyed tayeb,masjed-seyed zahed,masjed-seyed tayeb,masjed-seyed zahed,masjed-seyed zahir,tayeb mirdamad
zahed mirdamad,zahed mirdamad,masjed-seyed zahed,masjed-seyed tayeb,haftom-moharam,masjed-seyed tayeb,
zahir mirdamad,tayeb mirdamad,tayeb mirdamad,tayeb mirdamad,,,
masjed-seyed zahed,,,,,,
masjed-seyed tayeb,zahir mirdamad,haftom-moharam,masjed-seyed zahed,zahed mirdamad,zahir mirdamad,tayeb mirdamad
masjed-seyed zahed,,,,,,
zahed mirdamad,tayeb mirdamad,zahir mirdamad,,,,
masjed-seyed zahed,masjed-seyed zahed,haftom-moharam,zahir mirdamad,masjed-seyed zahir,haftom-moharam,
masjed-seyed zahed,haftom-moharam,zahed mirdamad,masjed-seyed zahir,,,
zahir mirdamad,zahir mirdamad,zahed mirdamad,masjed-seyed tayeb,zahir mirdamad,tayeb mirdamad,
masjed-seyed tayeb,,,,,,
haftom-moharam,tayeb mirdamad,tayeb mirdamad,masjed-seyed tayeb,masjed-seyed tayeb,,
haftom-moharam,masjed-seyed zahir,haftom-moharam,,,,
masjed-seyed zahed,masjed-seyed zahir,haftom-moharam,tayeb mirdamad,masjed-seyed zahir,,
haftom-moharam,haftom-moharam,masjed-seyed tayeb,,,,
zahed mirdamad,haftom-moharam,haftom-moharam,masjed-seyed zahir,zahed mirdamad,,
haftom-moharam,masjed-seyed zahed,tayeb mirdamad,zahed mirdamad,,,
tayeb mirdamad,masjed-seyed zahed,haftom-moharam,zahir mirdamad,zahed mirdamad,zahed mirdamad,zahir mirdamad
haftom-moharam,zahir mirdamad,haftom-moharam,,,,
zahed mirdamad,masjed-seyed zahir,masjed-seyed tayeb,,,,
haftom-moharam,zahed mirdamad,zahir mirdamad,zahed mirdamad,zahed mirdamad,zahed mirdamad,tayeb mirdamad
zahed mirdamad,,,,,,
tayeb mirdamad,tayeb mirdamad,tayeb mirdamad,masjed-seyed zahed,,,
masjed-seyed zahir,masjed-seyed tayeb,masjed-seyed zahir,haftom-moharam,,,
masjed-seyed zahed,masjed-seyed tayeb,masjed-seyed zahir,zahed mirdamad,masjed-seyed tayeb,,
zahir mirdamad,masjed-seyed tayeb,masjed-seyed zahir,masjed-seyed tayeb,zahed mirdamad,,
masjed-seyed zahir,tayeb mirdamad,,,,,
zahir mirdamad,masjed-seyed tayeb,haftom-moharam,masjed-seyed zahir,zahed mirdamad,zahed mirdamad,
zahir mirdamad,zahed mirdamad,tayeb mirdamad,,,,
tayeb mirdamad,zahir mirdamad,masjed-seyed tayeb,masjed-seyed zahed,,,
zahed mirdamad,masjed-seyed zahir,haftom-moharam,zahir mirdamad,masjed-seyed zahed,tayeb mirdamad,masjed-seyed tayeb
masjed-seyed zahir,masjed-seyed zahir,,,,,
zahir mirdamad,zahir mirdamad,masjed-seyed tayeb,tayeb mirdamad,zahir mirdamad,masjed-seyed tayeb,
masjed-seyed zahed,haftom-moharam,tayeb mirdamad,zahed mirdamad,tayeb mirdamad,,
masjed-seyed zahed,zahed mirdamad,,,,,
masjed-seyed zahir,masjed-seyed tayeb,haftom-moharam,masjed-seyed zahed,haftom-moharam,masjed-seyed zahed,masjed-seyed zahed
haftom-moharam,masjed-seyed zahir,masjed-seyed zahed,masjed-seyed zahir,haftom-moharam,,
zahed mirdamad,masjed-seyed zahed,zahed mirdamad,tayeb mirdamad,zahed mirdamad,haftom-moharam,
